<?xml version="1.0" encoding="UTF-8"?>
<beans xmlns="http://www.springframework.org/schema/beans"
	xmlns:xsi="http://www.w3.org/2001/XMLSchema-instance"
	xmlns:tx="http://www.springframework.org/schema/tx"
	xmlns:context="http://www.springframework.org/schema/context"
	xsi:schemaLocation="http://www.springframework.org/schema/beans
        http://www.springframework.org/schema/beans/spring-beans.xsd
        http://www.springframework.org/schema/context
        http://www.springframework.org/schema/context/spring-context.xsd
        http://www.springframework.org/schema/tx
        http://www.springframework.org/schema/tx/spring-tx.xsd">
   <!-- 指定需要扫描的包（包括子包），使注解生效 -->
   <context:component-scan base-package="com.aop"/>
   <!-- 配置数据源 -->
	<bean id="dataSource" class="org.springframework.jdbc.datasource.DriverManagerDataSource">
		<!-- MySQL数据库驱动 -->
		<property name="driverClassName" value="com.mysql.cj.jdbc.Driver"/>
		<!-- 连接数据库的URL -->
		<property name="url" value="jdbc:mysql://localhost:3306/springtest?characterEncoding=utf8&amp;serverTimezone=UTC"/>
		<!-- 连接数据库的用户名 -->
		<property name="username" value="root"/>
		<!-- 连接数据库的密码 -->
		<property name="password" value="zhouwei"/>
	</bean>
	<!-- 配置JDBC模板 -->
	<bean id="jdbcTemplate" class="org.springframework.jdbc.core.JdbcTemplate">
		<property name="dataSource" ref="dataSource"/>
	</bean>
   <!-- 为数据源添加事务管理器 -->
   <bean id="txManager"   
	     class="org.springframework.jdbc.datasource.DataSourceTransactionManager">   
	     <property name="dataSource" ref="dataSource" />   
   </bean> 
   <!-- 为事务管理器注册注解驱动 -->
   <tx:annotation-driven transaction-manager="txManager" />
</beans>
