<?xml version="1.0" encoding="UTF-8" ?>
<!DOCTYPE configuration
PUBLIC "-//mybatis.org//DTD Config 3.0//EN"
"http://mybatis.org/dtd/mybatis-3-config.dtd">
<configuration>
	<!-- 配置环境 -->
	<environments default="development">
		<environment id="development">
			<!-- 使用JDBC的事务管理 -->
			<transactionManager type="JDBC"/>
			<dataSource type="POOLED">
				<!-- MySQL数据库驱动 -->
				<property name="driver" value="com.mysql.cj.jdbc.Driver"/>
				<!-- 连接数据库的URL -->
				<property name="url" value="jdbc:mysql://localhost:3306/springtest?characterEncoding=utf8&amp;serverTimezone=UTC"/>
				<property name="username" value="root"/>
				<property name="password" value="zhouwei"/>
			</dataSource>
		</environment>
	</environments>
	<mappers>
	<!-- 映射文件的位置 -->
	<mapper resource="com/mybatis/mapper/UserDaoMapper.xml"/>
	</mappers>
</configuration>