<?xml version="1.0" encoding="UTF-8"?>
<beans xmlns="http://www.springframework.org/schema/beans"
	xmlns:xsi="http://www.w3.org/2001/XMLSchema-instance"
	xsi:schemaLocation="http://www.springframework.org/schema/beans
        http://www.springframework.org/schema/beans/spring-beans.xsd">
   	<!-- 构造方法实例化Bean -->
	<bean id="constructorInstance" class="instance.BeanClass" />
<!--	&lt;!&ndash; 静态工厂方法实例化Bean,createInstance为 静态工厂类BeanStaticFactory中的静态方法&ndash;&gt;-->
<!--	<bean id="staticFactoryInstance"-->
<!--    class="instance.BeanStaticFactory"-->
<!--    factory-method="createInstance"/>-->
<!--    &lt;!&ndash; 配置工厂 &ndash;&gt;-->
<!--    <bean id="myFactory" class="instance.BeanInstanceFactory"/>-->
<!--    &lt;!&ndash; 使用factory-bean属性指定配置工厂 ，使用factory-method属性指定使用工厂中哪个方法实例化Bean&ndash;&gt;-->
<!--    <bean id="instanceFactoryInstance" factory-bean="myFactory" factory-method="createBeanClassInstance"/>-->
    <!-- 配置bean，使用init-method属性指定初始化方法，使用 destroy-method属性指定销毁方法-->
    <bean id="beanLife" class="life.BeanLife" init-method="initMyself" destroy-method="destroyMyself"/>
    <!-- 使用构造方法注入方式装配ComplexUser实例 user1-->
    <bean id="user1" class="assemble.ComplexUser">
    	<constructor-arg index="0" value="chenheng1"/>
    	<constructor-arg index="1">
    		<list>
    			<value>唱歌</value>
    			<value>跳舞</value>
    			<value>爬山</value>
    		</list>
    	</constructor-arg>
    	<constructor-arg index="2">
    		<map>
    			<entry key="dalian" value="大连"/>
    			<entry key="beijing" value="北京"/>
    			<entry key="shanghai" value="上海"/>
    		</map>
    	</constructor-arg>
    	<constructor-arg index="3">
    		<set>
    			<value>陈恒100</value>
    			<value>陈恒101</value>
    			<value>陈恒102</value>
    		</set>
    	</constructor-arg>
    	<constructor-arg index="4">
    		<array>
    			<value>aaaaa</value>
    			<value>bbbbb</value>
    		</array>
    	</constructor-arg>
    </bean>
    <!-- 使用setter方法注入方式装配 ComplexUser实例user2 -->
    <bean id="user2" class="assemble.ComplexUser">
    	<property name="uname" value="chenheng2"/>
    	<property name="hobbyList">
    		<list>
    			<value>看书</value>
    			<value>学习Spring</value>
    		</list>
    	</property>
    	<property name="residenceMap">
    		<map>
    			<entry key="shenzhen" value="深圳"/>
    			<entry key="gaungzhou" value="广州"/>
    			<entry key="tianjin" value="天津"/>
    		</map>
    	</property>
    	<property name="aliasSet">
    		<set>
    			<value>陈恒103</value>
    			<value>陈恒104</value>
    			<value>陈恒105</value>
    		</set>
    	</property>
    	<property name="array">
    		<array>
    			<value>cccccc</value>
    			<value>dddddd</value>
    		</array>
    	</property>
    </bean>
</beans>